Index,Price,Item,Type,Temp,Category,Notes,Weight
001,5/4p,Apron,common,0,clothing,,
002,1/-,Breeches,linen,0,clothing,,
003,6¼p,Breeches,sack cloth,0,clothing,,
004,2/-,Breeches,wollen,0,clothing,,
005,4/-,Breeches,velvet,0,clothing,,
006,8/-,Breeches,silk,0,clothing,,
007,¾p,Dress,linen,0,clothing,,
008,5/4p,Dress,elf,5,clothing,,
009,1p,Dress,halfling,5,clothing,,
010,1s.5/2p,Gown,common,5,clothing,,
011,5/-,Gown,silk,0,clothing,,
012,7/-,Gown,elf,0,clothing,,
013,2/-,Pants,human,0,clothing,,
014,5/2p,Pants,gnome,0,clothing,,
015,5p,Pants,halfling,0,clothing,,
016,5/-,Pants,elf,0,clothing,,
017,4cr.,Jacket,silk,5,clothing,,
018,9¾p,Jerkins,linen,0,clothing,,
019,1/-,Jerkins,woolen,5,clothing,,
020,10/-,Jerkins,leather,0,clothing,,
021,3/-,Jerkins,cotton,5,clothing,,
022,3/-,Jester,hat with bells,0,clothing,,
023,1/-,Jester,collar,0,clothing,,
024,10/-,Jester,satin shirt,0,clothing,,
025,8½p,Jester,white gloves,0,clothing,,
026,8/-,Jester,bunch pants,0,clothing,,
027,9¾p,Jester,bright stockings,0,clothing,,
028,11p,Robe,Aba (desert robe),-30,clothing,,
029,1cr.,Robe,Aba embroidered,-30,clothing,,
030,11p,Robe,embroidered,5,clothing,,
031,1cr.,Robe,fur trimmed,5,clothing,,
032,3/-,Robe,common,5,clothing,,
033,9s.6p,Robe,embroidered silk,0,clothing,,
034,1cr.10/-,Robe,noble silk,0,clothing,,
035,5p,Shirt,common,0,clothing,,
036,1/-,Trousers,wool,0,clothing,,
037,3¾p,Trousers,cotton,0,clothing,,
038,9¾p,Tunic,uniform coat,5,clothing,,
039,7¼p,Tunic,cloth sweater,15,clothing,,
040,1/-,Tunic,fur trimmed,20,clothing,,
041,8½p,Tunic,leather,0,clothing,,
042,1/-,Tunic,silk,0,clothing,,
043,5/-,Boots,Riding,0,"clothing, appendages",,
044,1/-,Boots,High soft leather,5 if furred,"clothing, appendages",,
045,2/-,Boots,High hard leather,5 if furred,"clothing, appendages",,
046,1/-,Boots,Low soft leather,5 if furred,"clothing, appendages",,
047,9¾p,Boots,Low hard leather,5 if furred,"clothing, appendages",,
048,4/-,Boots,Waterproof,0,"clothing, appendages",,
049,5/-,Boots,High healed,-5,"clothing, appendages",,
050,6¼p,Shoes,Basic,0,"clothing, appendages",,
051,1s.6p,Shoes,Dancing,0,"clothing, appendages",,
052,2cr.5/-,Shoes,Elven,0,"clothing, appendages",,
053,2/-,Shoes,Moccasins,0,"clothing, appendages",,
054,1/-,Shoes,High heeled,0,"clothing, appendages",,
055,12/-,Jester,clumsy bright,0,"clothing, appendages",,
056,5/2p,Sandals,common,0,"clothing, appendages",,
057,6¼p,Sandals,high heeled,0,"clothing, appendages",,
058,1s.6p,Slipper,linen,0,"clothing, appendages",,
059,1cr.15/-,Slipper,quilted silk,0,"clothing, appendages",,
060,1/-,Slipper,wool,0,"clothing, appendages",,
061,5/4p,Socks,common,5,"clothing, appendages",,
062,5/-,Panties,silk,0,"clothing, appendages",,
063,10/-,Panties,embroidered,0,"clothing, appendages",,
064,2/-,Snowshoes,common,10,"clothing, appendages",,
065,10/-,Gauntlet,Swordsman,0,"clothing, appendages",,
066,6¼p,Gauntlet,Perch Glove,0,"clothing, appendages",,
067,5/-,Gloves,Thieve's,0,"clothing, appendages",,
068,5/-,Gloves,Spiked,0,"clothing, appendages",,
069,6¼p,Gloves,Heavy leather,0,"clothing, appendages",,
070,1/-,Gloves,Soft linen,0,"clothing, appendages",,
071,4/-,Gloves,Soft Archery,5,"clothing, appendages",,
072,4/-,Gloves,Sloth and fur,0,"clothing, appendages",,
073,15/-,Gloves,Silk,0,"clothing, appendages",,
074,16/-,Gloves,Snakeskin,0,"clothing, appendages",,
075,3¾p,Mittens,Normal,10,"clothing, appendages",,
076,7s.6p,Mittens,Arctic,40,"clothing, appendages",,
077,8½p,Hat,cloth,5,"clothing, appendages",,
078,2/-,Hat,fur,15,"clothing, appendages",,
079,5/2p,Hat,straw,0,"clothing, appendages",,
080,5/2p,Hat,leather,0,"clothing, appendages",,
081,6¼p,Hat,fancy,0,"clothing, appendages",,
082,5/2p,Hat,wool,10,"clothing, appendages",,
083,7¼p,Bra,common,0,smallclothing,,
084,2s.7¼p,Bra,push-up,0,smallclothing,,
085,5/-,Bustle,side,0,smallclothing,,
086,9/-,Bustle,rear,0,smallclothing,,
087,1s.6p,Corest,X,0,smallclothing,"Dx-1, Ch + 1",
088,1s.5/2p,Corset,V,0,smallclothing,"dDx -1, Ch + 1",
089,6¼p,Suspenders,Leather,0,smallclothing,,
090,6/-,Nightshirt,common,0,smallclothing,,
091,1s.5/2p,Waistcincer,common,0,smallclothing,"Dx -1, Ch +1",
092,10/-,Arctic Coat,common,30,outer clothing,,
093,5/2p,Cape,straw,0,outer clothing,,
094,5p,Cape,half,0,outer clothing,,
095,8½p,Cape,full,0,outer clothing,,
096,5/-,Cloak,short,0,outer clothing,,
097,10/-,Cloak,long,0,outer clothing,,
098,2cr.10/s-,Camo,night,0,outer clothing,,
099,2cr.10/s-,Camo,desert,0,outer clothing,,
100,2cr.10/s-,Camo,snow,0,outer clothing,,
101,2cr.10/s-,Camo,grasslands,0,outer clothing,,
102,2cr.10/s-,Cmao,growth,0,outer clothing,,
103,2cr.10/s-,Camo,aquatic,0,outer clothing,,
104,2cr.10/s-,Camo,rocky,0,outer clothing,,
105,3cr.,Camo,fur,10,outer clothing,,
106,5/-,Tarcloak,long,0,outer clothing,,
107,5/-,Parka,common,15,outer clothing,,
108,6/-,Poncho,rain,5,outer clothing,,
109,4cr.,Silk Jacket,common,0,outer clothing,,
110,7¼p,Surcoat,linen,0,outer clothing,,
111,7¼p,Tabard,heraldic,0,outer clothing,,
112,6/-,Tabard,cleric,0,outer clothing,,
113,3cr.,Tabard,embroidered,0,outer clothing,,
114,1/-,Tattoo,Black,0,accessories,,
115,2/-,Tattoo,Colored,0,accessories,,
116,5/2p,Belt,common,0,accessories,,
117,¼p,Condom,sheep bladder,0,accessories,,
118,¼p,Handkerchief,cloth,0,accessories,,
119,5/2p,Handkerchief,silk,0,accessories,,
120,5/-,Insect Repellant,citrus,0,accessories,,
121,3¾p,Umbrella,common,0,accessories,,
122,3¾p,Purse,common,0,accessories,,
123,1/-,Sewing Kit,,0,accessories,,
124,3¾p,Cane,,0,accessories,,
125,2/-,Weapon Black,,0,accessories,,
126,½p,Egg,chicken,,food,,
127,½p,Egg,goose,,food,,
128,1s.5/4p,Egg,duck,,food,,
129,5/4p,Egg,ostrich,,food,,
130,5/4p,Egg,rare,,food,,
131,¾p,Egg,snake,,food,,
132,7/-,Egg,turtle/lizard,,food,,
133,6¼p,Haggis,common,,food,,
134,4/-,Pork,Bacon,,food,,
135,5/-,Pork,Ham,,food,,
136,3/-,Pork,Salted,,food,,
137,5/2p,Pork,Sausage,,food,,
138,3¾p,Pork,Brotwurst,,food,,
139,3/-,Beef,Corned,,food,,
140,5/-,Beef,Dried,,food,,
141,7/-,Beef,Jerked,,food,,
142,2/-,Beef,Sausage,,food,,
143,6¼p,Smoked,Beef,,food,,
144,8½p,Smoked,Ham,,food,,
145,2/-,Smoked,Bear,,food,,
146,1s.8½p,Smoked,Venison,,food,,
147,2/-,Steak,Lizard,,food,,
148,1/-,Steak,Beef,,food,,
149,4/-,Steak,Eel,,food,,
150,6/-,Steak,Venison,,food,,
151,¾p,Stew,Snake,,food,,
152,2p,Stew,Otter,,food,,
153,½p,Stew,Beef,,food,,
154,½p,Stew,Rabbit,,food,,
155,1p,Stew,Wolf,,food,,
156,1/-,Special,Frog legs,,food,,
157,6¼p,Special,Beavertails,,food,,
158,3¾p,Special,Fried Snake,,food,,
159,2s.7¼p,Special,Snails,,food,,
160,7¼p,Special,Fish & Rice,,food,,
161,3¾p,Special,Bean chilly,,food,,
162,5/2p,Special,Rice,,food,,
163,6¼p,Special,Rice cake,,food,,
164,¾p,Special,Noodles,,food,,
165,5/4p,Special,Mushrooms,,food,,
166,6¼p,Roast,chicken,,food,,
167,9¾p,Roast,duck,,food,,
168,3/-,Roast,turkey,,food,,
169,5/-,Roast,pheasant,,food,,
170,6/-,Roast,venison,,food,,
171,5p,Roast,mutton,,food,,
172,9¾p,Roast,beef ribs,,food,,
173,7/-,Roast,goose,,food,,
174,4H.19s.9p,Roast,ostrich,,food,,
175,41H.4cr.,Roast,Roc,,food,,
176,¾p,Soup,Bouillon,,food,,
177,5/4p,Soup,Veg/Mush/Chicken,,food,,
178,2p,Soup,Tomato,,food,,
179,5/4p,Fish,River,,food,,
180,1s.6p,Fish,Smoked Shark,,food,,
181,3/-,Roast,Fish,,food,,
182,3/-,Fish,Crab,,food,,
183,7¼p,Fish,Caviar,,food,,
184,10/-,Fish,Whale Blubber,,food,,
185,5/2p,Fish,Lobster,,food,,
186,3/-,Fish,Crab,,food,,
187,3/-,Fish,Herring picked,,food,,
188,5/-,Fish,Herring salted,,food,,
189,5/2p,Fish,Lobster tail,,food,,
190,3/-,Fish,Picked fish,,food,,
191,1/-,Fish,Salmon salted,,food,,
192,15/-,Fish,Salmon smoked,,food,,
193,4/-,Fish,Sardines,,food,,
194,3/-,Fish,Shark,,food,,
195,¼p,Fat,Animal,,food,,
196,6¼p,Fat,Applebutter,,food,,
197,8½p,Fat,Blackberrybutter,,food,,
198,7¼p,Fat,Pearbutter,,food,,
199,5/4p,Fat,Butter,,food,,
200,6¼p,Fat,Milkfat,,food,,
201,2/-,Fat,Veg Oil,,food,,
202,½p,Bread,Common,,food,,
203,¼p,Bread,Small Common,,food,,
204,¼p,Bread,Rye,,food,,
205,¼p,Bread,Flatbread,,food,,
206,¼p,Bread,Wheat,,food,,
207,¼p,Bread,Sourdough,,food,,
208,¼p,Bread,Corned,,food,,
209,5/4p,Bread,Ginger,,food,,
210,5/-,Bread,Elven Waybread,,food,,
211,¼p,Bread,Hardtack,,food,,
212,5/4p,Cheese,Poor,,food,,
213,5p,Cheese,Common,,food,,
214,1cr.15/-,Cheese,Cheddar wheel,,food,,
215,5p,Cheese,Cheddar whey,,food,,
216,2cr.10/-,Cheese,Nut wheel,,food,,
217,1/-,Cheese,Nut whey,,food,,
218,2cr.5/-,Cheese,Pepper wheel,,food,,
219,6¼p,Cheese,Pepper whey,,food,,
220,½p,Vegetable,scraps,,food,,
221,5/2p,Vegetable,cabbage,,food,,
222,¾p,Vegetable,turnip,,food,,
223,¾p,Vegetable,carrots,,food,,
224,5/2p,Vegetable,beets,,food,,
225,½p,Vegetable,salad,,food,,
226,1cr.,Vegetable,artichokes,,food,,
227,5/2p,Vegetable,green beans,,food,,
228,5/2p,Vegetable,small peas,,food,,
229,2/-,Fruit,onions/potatos,,food,,
230,¼p,Fruit,common,,food,,
231,5/2p,Fruit,rare,,food,,
232,1/-,Fruit,very rare,,food,,
233,1/-,Fruit,soft,,food,,
234,15/-,Fruit,apricots,,food,,
235,2/-,Fruit,strawberries,,food,,
236,15/-,Fruit,peaches,,food,,
237,5/-,Fruit,pears,,food,,
238,3/-,Fruit,prunes,,food,,
239,6¼p,Fruit,cherries,,food,,
240,5/4p,Fruit,elderberries,,food,,
241,1/-,Fruit,mixed,,food,,
242,3/-,Fruit,raspberries,,food,,
243,3¾p,Fruit,figs,,food,,
244,4/-,Fruit,spiced pears,,food,,
245,3/-,Fruit,spiced plums,,food,,
246,5/-,Fruit,dates,,food,,
247,1cr.10/-,Fruit,pumpklin seeds,,food,,
248,5/2p,Fruit,raisins,,food,,
249,5p,Preserves,cherry,,food,,
250,6¼p,Preserves,raspberry,,food,,
251,5p,Preserves,apricots,,food,,
252,5p,Preserves,apple,,food,,
253,5p,Preserves,plum,,food,,
254,6¼p,Preserves,strawberry,,food,,
255,1/-,Sweets,Caramel,,food,,
256,2s.6p,Sweets,Milk Chocolate,,food,,
257,2s.3¾p,Sweets,Cocoa,,food,,
258,¾p,Sweets,Sugarcane,,food,,
259,5/2p,Sweets,Flavored Figurines,,food,,
260,5/4p,Sweets,Jellybeans,,food,,
261,1/-,Sweets,Gum,,food,,
262,8½p,Sweets,Rice,,food,,
263,10/-,Boar,,,animal,,
264,1cr.,Bull,,,animal,,
265,5/-,Calf,,,animal,,
266,2cr.10/-,Camel,,,animal,,
267,½p,Capon,,,animal,,
268,5/4p,Cat,,,animal,,
269,¼p,Chicken,,,animal,,
270,10/-,Cow,,,animal,,
271,1cr.5/-,"Dog, Guard",,,animal,,
272,17/-,"Dog, Hunting",,,animal,,
273,1cr.,"Dog, War",,,animal,,
274,8/-,Donkey,,,animal,,
275,1H.4cr.,"Elephant, Labor",,,animal,,
276,4H.1cr.,"Elephant, War",,,animal,,
277,5cr.,Falcon (Trained),,,animal,,
278,1/-,Goat,,,animal,,
279,¾p,Goose,,,animal,,
280,¼p,Guinea Hen,,,animal,,
281,1H.4cr.,Horse Draft,,,animal,,
282,3H.2cr.,Horse Heavy War,,,animal,,
283,1H.1cr.10/-,Horse Light War,,,animal,,
284,1H.5cr.5/-,Horse Medium War,,,animal,,
285,3cr.15/-,Horse Riding,,,animal,,
286,41H.4cr.,Hunting Cat,,,animal,,
287,15/-,Ox,,,animal,,
288,¾p,Partridge,,,animal,,
289,6¼p,Peacock,,,animal,,
290,3/-,Pig,,,animal,,
291,¼p,Pigeon,,,animal,,
292,5cr.,Pigeon Homing,,,animal,,
293,1cr.10/-,Pony,,,animal,,
294,4/-,Ram,,,animal,,
295,2/-,Sheep,,,animal,,
296,1/-,Songbird,,,animal,,
297,6¼p,Swan,,,animal,,
298,4H.1cr.,Barding,Chain,,tackle,,70
299,16H.3cr.,Barding,Full plate,,tackle,,85
300,8H.2cr.,Barding,Full scale,,tackle,,75
301,4H.1cr.,Barding,Half brigandine,,tackle,,45
302,5cr.,Barding,Half padded,,tackle,,25
303,4H.1cr.,Barding,Half scale,,tackle,,50
304,1H.1cr.10/-,Barding,Leather or padded,,tackle,,60
305,1s.6p,Barding,Bit and bridle,,tackle,,3
306,2/-,Barding,Cart harness,,tackle,,10
307,¾p,Barding,Halter,,tackle,,*
308,1/-,Barding,Horseshoes & shoeing,,tackle,,10
309,5/-,Saddle,Pack,,tackle,,15
310,10/-,Saddle,Riding,,tackle,,35
311,4/-,Saddle Bag,Large,,tackle,,8
312,3/-,Saddle Bag,Small,,tackle,,5
313,3¾p,Saddle Bag,Saddle blanket,,tackle,,4
314,5/-,Yoke,Horse,,tackle,,15
315,3/-,Yoke,Ox,,tackle,,20
316,½p,Bath,,,service,,
317,5/2p,Clerk,per letter,,service,,
318,3/-,Doctor,"leeching, bleeding, etc.",,service,,
319,5/2p,Guide,per day,,service,,
320,5/4p,Torchbearer,per night,,service,,
321,¼p,Laundry,by load,,service,,
322,5/4p,Messenger,per message,,service,,
323,3/-,Minstrel,per performance,,service,,
324,5/2p,Mourner,per funeral,,service,,
325,5/4p,Teamster W/ Wagon,per mile,,service,,
326,8Kh,Lawyer,per month,,service,,
327,12/-,Armorer,per 10-AC,,service,,
328,5gn.,Cleric,per month,,service,,
329,3¾p,Horser,per horse per week,,service,,
330,varies,Insurance,per month,,service,,
331,5/-,Nigh Guard,per night,,service,,
332,1/-,Storage,per chest,,service,,
333,9/-,Wainwrite,per hp of work,,service,,
334,2Kh,Mage,per spell per week,,service,6 spells/day,
335,5Kh,Mage,per spell per week,,service,12 spells/day,
336,12Kn,Mage,per spell per week,,service,24 spells/day,
337,79Kh,Audience,Emperor,,service,,
338,39Kh,Audience,King,,service,,
339,7Kh,Audience,Baron,,service,,
340,4Kh.6gn.,Audience,Lord,,service,,
341,800Kh,Title,Ambassador,,service,,
342,2000Kh,Title,Lord,,service,,
343,4000Kh,Title,Baron,,service,,
344,2/-,Backpack,,,misc,,2
345,2/-,Barrel,,,misc,,30
346,3¾p,Basket,Large,,misc,,1
347,¾p,Basket,Small,,misc,,*
348,1/-,Bell,,,misc,,
349,1/-,Belt Pouch,Large,,misc,,1
350,8½p,Belt Pouch,Small,,misc,,0.5
351,5/-,Block And Tackle,,,misc,,5
352,1/-,Bolt Case,,,misc,,1
353,6¼p,Bucket,,,misc,,3
354,4/-,Chain,Heavy,,misc,per foot,3
355,3/-,Chain,Light,,misc,per foot,1
356,2/-,Chest,Large,,misc,,25
357,1/-,Chest,Small,,misc,,10
358,7/-,Cloth,cheap,,misc,per 10 square yards,10
359,2cr.10/-,Cloth,fine,,misc,per 10 square yards,10
360,4cr.20/-,Cloth,silk,,misc,per 10 square yards,10
361,¼p,Candle,,,misc,,*
362,5p,Canvas,,,misc,per sq. yard,1
363,¼p,Chalk,,,misc,,*
364,4/-,Crampons,,,misc,,2
365,5/4p,Fishhook,,,fishing,,**
366,4/-,Fishing Net,,,misc,10 sq feet,5
367,6¼p,Flint And Steel,,,misc,,*
368,10/-,Glass Bottle,,,misc,,*
369,9¾p,Grappling Hook,,,misc,,4
370,1cr.5/-,Holy Item,symbol,,misc,,*
371,1cr.5/-,Holy Item,water,,misc,,*
372,6¼p,Hourglass,,,misc,,1
373,¾p,Iron Pot,,,misc,,2
374,1H.1cr.10/-,Ladder,,,misc,10 ft,20
375,1H.1cr.10/-,Lantern,Beacon,,misc,,50
376,12/-,Lantern,Bullseye,,misc,,3
377,7/-,Lantern,Hooded,,misc,,2
378,1cr.,Padlock,,,misc,,1
379,5cr.,Magnifying Glass,,,misc,,*
380,9¾p,Map Or Scroll Case,,,misc,,0.5
381,2/-,Merchant's Scale,,,misc,,1
382,10/-,Mirror,metal,,misc,,*
383,varies,Musical Instrument,,,misc,,.5 to 3
384,10/-,Oil,Greek fire,,misc,per flask,2
385,¾p,Oil,Lamp,,misc,per flask,1
386,2/-,Paper,,,misc,per sheet,**
387,9¾p,Papyrus,,,misc,per sheet,**
388,1/-,Parchment,,,misc,per sheet,**
389,5/-,Perfume,,,misc,per vial,*
390,½p,Piton,,,misc,,0.5
391,9¾p,Quiver,,,misc,,1
392,1/-,Rope,Hemp,,misc,per 50 ft,20
393,10/-,Rope,Silk,,misc,per 50 ft,8
394,5/2p,Sack,Large,,misc,,0.5
395,¾p,Sack,Small,,misc,,*
396,1/-,Wax,sealing/candle,,misc,,1
397,6¼p,Needle,sewing,,misc,,**
398,9¾p,Whistle,signal,,misc,,*
399,5/-,Signet Ring Or Personal Seal,,,misc,,*
400,6¼p,Soap,,,misc,per lb,1
401,8H.2cr.,Spyglass,,,misc,,1
402,1cr.10/-,Thieve's Picks,,,misc,,1
403,¼p,Torchbearer,,,misc,,1
404,8H.2cr.,Water Clock,,,misc,,200
405,¼p,Whetstone,,,misc,,1
406,9¾p,Wineskin,,,misc,,1
407,6¼p,Winter Blanket,,,misc,,3
408,8/-,Ink,,,misc,per vial,*
409,1H.4cr.,Banded Mai,,0,armor,,35
410,6cr.,Brigandine,,0,armor,,35
411,3H.2cr.,Bronze Plate Mail,,0,armor,,45
412,3cr.15/-,Chain Mail,,0,armor,,40
413,16H.4cr.,Field Plate,,0,armor,,60
414,83H.,Full Plate,,0,armor,,70
415,1cr.10/-,Great Helm,,0,armor,,10
416,8/-,Basinet,,0,armor,,5
417,15/-,Hide,,0,armor,,30
418,5/-,Leather,,0,armor,,15
419,4/-,Padded,,0,armor,,10
420,4H.6cr.,Plate Mail,,0,armor,,50
421,5cr.,Ring Mail,,0,armor,,30
422,6cr.,Scale Mail,,0,armor,,40
423,10/-,Shield,body,0,armor,,15
424,1/-,Shield,buckler,0,armor,,3
425,7/-,Shield,medium,0,armor,,10
426,3/-,Shield,small,0,armor,,5
427,4cr.,Splint Mail,,0,armor,,40
428,1cr.,Studded Leather,,0,armor,,25
429,4H.1cr.,Arquebus,,,weapon,1d10 1d10 p,10
430,5/-,Battle Axe,,,weapon,1d8 1d8 s,7
431,5/-,Blowgun,,,weapon,-,2
432,5/4p,Blowgun,barbed dart,,weapon,1d3 1d2 p,*
433,¼p,Blowgun,needle,,weapon,1 1 p,*
434,1cr.10/-,Bow,short,,weapon,-,2
435,3cr.15s/-,Bow,long,,weapon,-,3
436,3cr.15/-,Bow,composite short,,weapon,-,2
437,5cr.,Bow,composite long,,weapon,-,3
438,½p,Bow,flight arrow,,weapon,1d6 1d6 p,*
439,¾p,Bow,sheaf arrow,,weapon,1d8 1d8 p,*
440,¼p,Club,,,weapon,1d6 1d3 b,3
441,2H.3cr.,Crossbow,hand,,weapon,-,3
442,1cr.15/-,Crossbow,light,,weapon,-,7
443,2cr.10/-,Crossbow,heavy,,weapon,-,14
444,1/-,Crossbow,hand quarrel,,weapon,1d3 1d2 p,*
445,5/4p,Crossbow,light quarrel,,weapon,1d4 1d4 p,*
446,5/2p,Crossbow,heavy quarrel,,weapon,1d4+1 1d6+1 p,*
447,2/-,Dagger Or Dirk,,,weapon,1d4 1d3 p,1
448,6¼p,Dart,,,weapon,1d3 1d2 p,0.5
449,15/-,Footman's Flail,,,weapon,1d6+1 2d4 b,15
450,8/-,Footman's Mace,,,weapon,1d6+1 1d6 b,10
451,8/-,Footman's Pick,,,weapon,1d6+1 2d4 b,6
452,1/-,Hand Axe,,,weapon,1d6 1d4 s,5
453,1cr.,Harpoon,,,weapon,2d4 2d6 p,6
454,8/-,Horseman's Flail,,,weapon,1d4+1 1d4+1 b,5
455,5/-,Horseman's Mace,,,weapon,1d6 1d4 b,6
456,7/-,Horseman's Pick,,,weapon,1d4+1 1d4 p,4
457,6¼p,Javelin,,,weapon,1d6 1d6 p,2
458,6¼p,Knife,,,weapon,1d6 1d6 p/s,0.5
459,15/-,Lance,heavy horse,,weapon,1d8+1 3d6 p,15
460,6/-,Lance,light horse,,weapon,1d6 1d8 p,5
461,1cr.,Lance,jousting,,weapon,1d3-1 1d2-1 p,20
462,10/-,Lance,medium horse,,weapon,1d6+1 2d6,10
463,1cr.10/-,Mancatcher,,,weapon,-,8
464,10/-,Morning Star,,,weapon,2d4 1d6+1 p/b,12
465,5/-,Polearm,awl pike,,weapon,1d6 1d12 p,12
466,7/-,Polearm,bardiche,,weapon,2d4 2d6 s,12
467,8/-,Polearm,bec de corbin,,weapon,1d8 1d6 p/b,10
468,7/-,Polearm,bill-guisarme,,weapon,2d4 1d10 p/s,15
469,5/-,Polearm,fauchard,,weapon,1d6 1d8 p/s,7
470,8/-,Polearm,fauchard-fork,,weapon,1d8 1d10 p/s,9
471,6/-,Polearm,glaive,,weapon,1d6 1d10 s,8
472,10/-,Polearm,glaive-guisarme,,weapon,2d4 2d6 p/s,10
473,5/-,Polearm,guisarme,,weapon,2d4 1d8 s,8
474,8/-,Polearm,guisarme-voulge,,weapon,1d4 1d4 p/s,15
475,10/-,Polearm,halberd,,weapon,1d10 2d6 p/s,15
476,10/-,Polearm,hook fauchard,,weapon,1d4 1d4 p/s,8
477,7/-,Polearm,lucern hammer,,weapon,2d4 1d6 p/b,15
478,5/-,Polearm,military fork,,weapon,1d8 2d4 p,7
479,10/-,Polearm,partisan,,weapon,1d6 1d6+1 p,8
480,6/-,Polearm,ranseur,,weapon,2d4 2d4 p,7
481,5/-,Polearm,spetum,,weapon,1d6+1 2d6 p,7
482,5/-,Polearm,voulge,,weapon,2d4 2d4 s,12
483,¼p,Quarterstaff,,,weapon,1d6 1d6 b,4
484,1/-,Scourge,,,weapon,1d4 1d2 -,2
485,7¼p,Sickle,,,weapon,1d4+1 1d4 s,3
486,¾p,Sling,,,weapon,-,*
487,¼p,Sling,bullet,,weapon,1d4+1 1d6+1 b,*
488,¼p,Sling,stone,,weapon,1d4 1d4 b,*
489,9¾p,Spear,,,weapon,1d6 1d8 p,5
490,5/2p,Staff Sling,,,weapon,-,2
491,1cr.5/-,Sword,bastard,,weapon,1d8(2d4) 1d12(2d8) s,10
492,10/-,Sword,broad,,weapon,2d4 1d6+1 s,4
493,10/-,Sword,khopesh,,weapon,2d4 1d6 s,7
494,15/-,Sword,long,,weapon,1d8 1d12 s,4
495,15/-,Sword,scimitar,,weapon,1d8 1d8 s,4
496,10/-,Sword,short,,weapon,1d6 1d8 p,3
497,2cr.10/-,Sword,two-handed,,weapon,1d10 3d6 s,15
498,15/-,Trident,,,weapon,1d6+1 3d4 p,5
499,2/-,Warhammer,,,weapon,1d4+1 1d4 b,6
500,5/4p,Whip,,,weapon,1d2 1 -,2
501,6¼p,Feed,horse,,feed,,
502,¾p,Ale,common,,drink,"1 pint, 1 alcohol",
503,1p,Ale,dwarven,,drink,"1 pint, 1.5 alcohol",
504,5/4p,Ale,orcish,,drink,"1 pint, 2 alcohol",
505,¼p,Beer,light,,drink,"1 pint, .5 alcohol",
506,½p,Beer,normal,,drink,"1 pint, 2 alcohol",
507,½p,Beer,dark,,drink,"1 pint, 2 alcohol",
508,1/-,Cider,common,,drink,"1 pint, 5 alcohol",
509,¾p,Coffee,common,,drink,1 gill,
510,1s.6p,Coffee,Isle of Dawn,,drink,"1 gill, 3 alcohol",
511,¾p,Cacao,,,drink,1 gill,
512,½p,Milk,,,drink,1 quart,
513,¾p,Yogurt,,,drink,1 pint,
514,¼p,Vinegar,white,,drink,1 quart (medicinal),
515,½p,Vinegar,red,,drink,1 quart (medicinal),
516,5/2p,Thee,common,,drink,1 gill,
517,1/-,Thee,yak butter,,drink,1 gill,
518,3¾p,Thee,herbal,,drink,1 gill,
519,3¾p,Akvavit,Ostlander,,drink,"1 shot, 5 alcohol",
520,5/4p,Akvavit,common,,drink,"1 shot, 3 alcohol",
521,5p,Arkhi,Hobgoblandish,,drink,"1 shot, 4 alcohl",
522,5p,Brandy,Thyatian Imperian,,drink,"1 shot, 4 alcohol",
523,3¾p,Brandy,Minrothadian,,drink,"1 shot, 4 alcohol",
524,6¼p,Evermead,,,drink,"1 pint, 5 alcohol",
525,1s.6p,Fruit Juice,,,drink,1 gill,
526,5p,Mezcal,Sindhi,,drink,"1 shot, 7 alcohol",
527,3¾p,Mezcal,Savage Coast,,drink,"1 shot, 6 alcohol",
528,1s.6p,Kumis,Ethengarian,,drink,"1 gallon, 32 (shake bag before drinking)",
529,5/2p,Ouzo,Redstone,,drink,"1 shot, 3 alcohol",
530,1/-,Ouzo,Ierendi,,drink,"1 shot, 7 alcohol",
531,5p,Rum,Ethengarian,,drink,"1 shot, 5 alcohol",
532,5p,Rum,Heldannic,,drink,"1 shot, 6 alcohol",
533,6¼p,Rum,Light,,drink,"1 shot, 6 alcohol",
534,8½p,Rum,Dark,,drink,"1 shot, 7 alcohol",
535,7¼p,Sake,Pearl Islands,,drink,"1 shot, 5 alcohol",
536,9¾p,Sake,Alphatian,,drink,"1 shot, 5 alcohol",
537,1s.6p,Tequila,Savage coast,,drink,"1 shot + lemon + salt, 8 alcohol",
538,6¼p,Tequila,Orcish,,drink,"1 shot + lemon + salt, 8 alcohol",
539,2s.6p,Tequila,With Scorpion,,drink,"1 shot + lemon + salt, 9 alcohol",
540,3¾p,Uisce,Glantrian,,drink,"1 shot, 5 alcohol",
541,5/2p,Uisce,common,,drink,"1 shot, 4 alcohol",
542,3¾p,Vodka,Karameikan,,drink,"1 shot, 5 alcohol",
543,5/2p,Vodka,Glantrian,,drink,"1 shot, 2 alcohol",
544,5/4p,Whisky,Texeiran,,drink,"1 gill, 4 alcohol",
545,5/2p,Whisky,common,,drink,"1 gill, 4 alcohol",
546,5/2p,Tobacco,,,drug,1 pipe worth,
547,10/-,Cigar,,,drug,"6""",
548,11p,Beaver,,,pelt,,10
549,5p,Bobcat,,,pelt,,10
550,5/2p,Cat,,,pelt,,4
551,3¾p,Cow,,,pelt,,100
552,5/4p,Dog,,,pelt,,4
553,3¾p,Horse,,,pelt,,100
554,5/2p,Lynx,,,pelt,,10
555,5/2p,Otter,,,pelt,,10
556,5/4p,Rat,,,pelt,,5
557,1/-,Boar,,,pelt,,10
558,3/-,Fisher,,,pelt,,5
559,3/-,Fox,red,,pelt,,10
560,3/-,Marten,,,pelt,,5
561,3/-,Otter,sea,,pelt,,10
562,1/-,Rabbit,,,pelt,,10
563,3/-,Weasel,,,pelt,,10
564,1/-,Wolverine,,,pelt,,30
565,2cr.10/-,Bear,,,pelt,,125
566,2cr.10/-,Bunyip,,,pelt,,10
567,3cr.10/-,Caterwaul,,,pelt,,65
568,1cr.10/-,Chincilla,,,pelt,,5
569,2cr.,Fox,silver,,pelt,,10
570,2cr.10/-,Fox,hoar,,pelt,,10
571,2cr.10/-,Giraffe,,,pelt,,125
572,2cr.10/-,Hell Hound,,,pelt,,80
573,2cr.,Ermine,,,pelt,,5
574,1cr.10/-,Mink,,,pelt,,5
575,3cr.10/-,Nonfel,,,pelt,,5
576,2cr.10/-,Owlbear,,,pelt,,125
577,3cr.10/-,Panther,,,pelt,,60
578,2cr.10/-,Sable,,,pelt,,5
579,2cr.10/-,Seal,,,pelt,,10
580,4cr.,Snow Leopard,,,pelt,,40
581,5cr.,Snow-Owlbear,,,pelt,,250
582,2cr.10/-,Spotted Cats,,,pelt,,20
583,2cr.10/-,Tiger,,,pelt,,75
584,2cr.10/-,Winter Wolf,,,pelt,,150
585,2cr.10/-,Yeti,,,pelt,,180
586,2cr.10/-,Zebra,,,pelt,,65
587,5/4p,Tipster,common knowledge,,illegal service,99%,
588,1/-,Tipster,uncommon knowledge,,illegal service,80%,
589,5/-,Tipser,specific information,,illegal service,30%,
590,10/-,Tipster,exact information,,illegal service,15%,
591,10/-,Private Investigator,1 day,,illegal service,improve chance to know by 1 step,
592,10/-,Tipster,dangerous information,,illegal service,40% slain in 1d6 days,
593,1gn.5/-,Fixer,avoid arrest,,illegal service,,
594,2gn.10/-,Fixer,turn minor infraction,,illegal service,,
595,5gn.,Fixer,turn major infraction,,illegal service,,
596,1Kh.4gn.,Fixer,assist escape,,illegal service,,
597,20% take,Fixer,cleanup/dispose,,illegal service,,
598,5Kh.,Fixer,escape capital crime,,illegal service,,
599,5Kh.,Fixer,"do a  ""personal favor""",,illegal service,,
600,8Kh.2gn.,Fixer,cross thieve's guild,,illegal service,,
601,1Kh.2gn.,Forgery,royal pardon,,illegal service,5 days,
602,2gn.10/-,Forgery,military pass,,illegal service,3 days,
603,1gn.5/-,Forgery,city pass,,illegal service,2 days,
604,10/-,Forgery,official's signature,,illegal service,1 day,
605,25% value,Forgery,counterfeit coins,,illegal service,10 days,
606,5% value,Forgery,counterfeit jewelry,,illegal service,2-7 days,
607,50% profit,Forgery,money clipping,,illegal service,1 day,
608,12/-,Forgery,copy deed or title,,illegal service,4-5 days,
609,1gn.,Forgery,copy work of art,,illegal service,2-3 weeks,
610,50%,Blackmarket,buy/sell,,illegal service,,
611,50%,Blackmarket,buy/sell stolen,,illegal service,,
612,3¾p,Whore,basic free,,illegal service,,
613,1/-,Whore,exotic free,,illegal service,,
614,2/-,Whore,new style free,,illegal service,,
615,5p,Whore,basic club,,illegal service,,
616,1s.6p,Whore,exotic club,,illegal service,,
617,3/-,Whore,new style club,,illegal service,,
618,50% / month,Loans,any amount,,illegal service,,
619,20% / month,Loans,any amount (guildmember),,illegal service,,
620,10/-,Threat,nobody special,,illegal service,,
621,1gn.10/-,Threat,known locally,,illegal service,,
622,6gn.,Threat,well known locally,,illegal service,,
623,3Kh.4gn.10s/-,Threat,petty official,,illegal service,,
624,4Kh.6gn.,Threat,minor city official,,illegal service,,
625,12Kh.3gn.,Threat,major city official,,illegal service,,
626,208Kh.,Threat,very high profile,,illegal service,,
627,1gn.,Bone Breaking,nobody special,,illegal service,,
628,3gn.,Bone Breaking,known locally,,illegal service,,
629,1Kh.4gn.,Bone Breaking,well known locally,,illegal service,,
630,6Kh.4gn.,Bone Breaking,petty official,,illegal service,,
631,9Kh.5gn.,Bone Breaking,minor city official,,illegal service,,
632,25Kh,Bone Breaking,major city official,,illegal service,,
633,416Kh.,Bone Breaking,very high profile,,illegal service,,
634,5gn.,Elimination,nobody special,,illegal service,,
635,5Kh.,Elimination,known locally,,illegal service,,
636,8Kh.2gn.,Elimination,well known locally,,illegal service,,
637,41Kh.4gn.,Elimination,petty official,,illegal service,,
638,83Kh.1gn.,Elimination,minor city official,,illegal service,,
639,416Kh.,Elimination,major city official,,illegal service,,
640,832Kh.,Elimination,very high profile,,illegal service,,
641,1gn.10/-,Kidnapping,nobody special,,illegal service,,
642,4gn.9s.11½p,Kidnapping,known locally,,illegal service,,
643,2Kh.3gn.,Kidnapping,well known locally,,illegal service,,
644,9Kh.6gn.,Kidnapping,petty official,,illegal service,,
645,14Kh.6gn.,Kidnapping,minor city official,,illegal service,,
646,37Kh.,Kidnapping,major city official,,illegal service,,
647,624Kh.,Kidnapping,very high profile,,illegal service,,
648,1/-,Shelter,Poor 1 man,0,shelter,"4hp, light moisture",6
649,2/-,Shelter,Poor 2 man,0,shelter,"4hp, light moisture",7
650,3/-,Shelter,Poor 4 man,0,shelter,"4hp, light moisture",8
651,3/-,Shelter,Adequate 1 man,0,shelter,"8hp, moderate moisture",7
652,5/-,Shelter,Adequate 2 man,0,shelter,"8hp, moderate moisture",8
653,7s.6p,Shelter,Adequate 4 man,0,shelter,"8hp, moderate moisture",9
654,7s.6p,Shelter,Good 1 man,5,shelter,"12hp, heavy moisture",8
655,12/-,Shelter,Good 2 man,5,shelter,"12hp, heavy moisture",9
656,18/-,Shelter,Good 4 man,5,shelter,"12hp, heavy moisture",10
657,1cr.,Shelter,Superior 1 man,10,shelter,"24hp, downpour",9
658,1cr.10/-,Shelter,Superior 2 man,10,shelter,"24hp, downpour",10
659,1cr.20/-,Shelter,Superior 4 man,10,shelter,"24hp, downpour",12
660,5/-,Tent,Solo 1 man,10,shelter,"10hp, heavy moisture",10
661,5/-,Tent,Wedge 1 man,10,shelter,"10hp, moderate moisture, no floor",10
662,1cr.,Tent,Duo 2 man,10,shelter,"20hp, heavy moisture",14
663,4/-,Tent,Bell 2 man,10,shelter,"10hp, moderate moisture",10
664,1cr.,Tent,Traveling Pavillion 3 man,10,shelter,"20hp, moderatr moisture",16
665,5/-,Tent,Group 4 man,15,shelter,"30hp, heavy moisture",22
666,5cr.,Tent,Pavillion 6 man,15,shelter,"40hp, heavy moisture",28
667,15/-,Tent,Pyramid 6 man,15,shelter,"35hp, heavy moisture",12
668,1H.1cr.10/-,Tent,Tournament 6 man,5,shelter,"40hp, moderate moisture",32
669,4H.19s.9p,Tent,Sweat lodge 8 man,20,shelter,"40hp, downpour",71
670,10s/-,Tent,Warmth Lining,30,shelter,10hp+,3
671,5/-,Hammock,,,sleeping,,1
672,5/4p,Straw Mat,,,sleeping,,1
673,1/-,Bedroll,,5 if dry,sleeping,,3
674,3/-,Sleeping Bag,,10 if dry,sleeping,,5
675,10/-,Polar Bag,,40 if dry,sleeping,,20
676,2H.9s.10½p,Klamboe,,,sleeping,stops insects,1
677,5/2p,Twine,100ft,,misc,,0.5
678,1/-,Flask,1 qt,,misc,,0.1
679,1s.6p,Scroll Case,20 sheets,,alchemy,waterproof,0.01
680,5/-,Bellows,common,,alchemy,to heat up fire,2.5
681,2H.10/-,Bellows,furnace,,alchemy,to heat up fire,250
682,1cr.15/-,Furnace,common,,alchemy,for extra hot fires,4000
683,8H.2cr.,Smelter,small,,alchemy,"30'x30', connect to furnace",2000
684,16H.4cr.,Smelter,medium,,alchemy,"50'x50', connect to furnace",4000
685,41H.3cr.18/-,Smelter,large,,alchemy,"75'x75', connect to furnace",8000
686,4/-,Alembic,common,,alchemy,distillation aparatus,2
687,10/-,Balance,"small, golden",,alchemy,to weigh material,0.25
688,3/-,Beaker,common,,alchemy,heatable container to pour liquids,0.5
689,1s.6p,Brazier,small,,alchemy,to make a small fire,0.5
690,8½p,Crucible,common,,alchemy,to melt items within,1
691,10/-,Decanter,crystal,,alchemy,to hold/pour liquids 1pint,0.5
692,¾p,Decanter,ceramic,,alchemy,to hold/pour liquids 1pint,0.5
693,4/-,Decanter,silver,,alchemy,to hold/pour liquids 1pint,0.5
694,5/2p,Earspoon,common,,alchemy,to clean holes,0.01
695,2/-,Merchant Scale,small,,alchemy,with 1 oz weights,0.25
696,5/-,Merchant Scale,large,,alchemy,with 1 lb weights,1
697,1/-,Needle,Magnetized,,alchemy,,0.01
698,4/-,Spinner,brass,,alchemy,to split liquids in 12 vials,1
699,2/-,Retort,common,,alchemy,distillation aparatus,0.5
700,¼p,Ribbon,common,,alchemy,to suck up liquid,0.01
701,1H.1cr.10/-,Test Kit,basic,,alchemy,identify basic potions,10
702,8/-,Vellum,common,,alchemy,filter paper,0.01
703,5p,Funnel,common,,alchemy,,0.01
704,1/-,Glass Bottle,crystal,,alchemy,1 pint,0.1
705,5p,Glass Bottle,normal,,alchemy,1 pint,0.25
706,1/-,Glass Bottle,gold/silver,,alchemy,1 pint,0.25
707,5/4p,Glass Bottle,cheap,,alchemy,1 pint,0.3
708,6¼p,Grind Stone,common,,alchemy,to grind material,0.3
709,2/-,Morter and Pestle,ceramic,,alchemy,to grind material,2
710,2cr.10/-,Morter and Pestle,stone,,alchemy,to grind material,8
711,1/-,Punk Pot,common,,alchemy,smolder 2',2
712,10/-,Prism,common,,alchemy,,0.5
713,5/-,Leeches,jar,,alchemy,to drain blood,0.5
714,5/4p,Magnet,small,,alchemy,,0.1
715,3¾p,Tubing Glass,per foot,,alchemy,,0.25
716,6¼p,Tripod,common,,alchemy,to hold scales/dishes above fire,0.25
717,6¼p,Tweezers,common,,alchemy,,0.01
718,3¼p,Vial,clay,,alchemy,to hold liquid/powder,0.25
719,1/-,Vial,ceramic,,alchemy,to hold liquid/powder,0.25
720,3/-,Vial,glass,,alchemy,to hold liquid/powder,0.25
721,4/-,Vial,crystal,,alchemy,to hold liquid/powder,0.25
722,5/-,Vial,steel,,alchemy,to hold liquid/powder,0.25
723,7/-,Vial,silver,,alchemy,to hold liquid/powder,0.25
724,x1,Vial,small,,alchemy,"modifier, doubles capacity",x1
725,x2,Vial,medium,,alchemy,"modifier, doubles capacity",x2
726,x3,Vial,large,,alchemy,"modifier, doubles capacity",x4
727,1cr.5/-,Hourglass,many times,,alchemy,measure time,0.25
728,10/-,Sundial,common,,alchemy,measure time,16
729,5/-,Fishing Rod,common,,fishing,"10'-30' rod, 5% chance of breaking per 10 lb of fish",0.5
730,1H.1cr.10/-,Monster Rod,common,,fishing,"10'-30' iron rod, 5% chance of breaking every 50 lb",3
731,¼p,Line Lead,common,,fishing,,0.1
732,1/-,Net Lead,common,,fishing,,1.5
733,¼p,Floating Bob,common,,fishing,,0.01
734,5/4p,Net Floaters,1 per sq foot,,fishing,,0.01
735,3/-,Monster Hook,common,,fishing,,0.25
736,3/-,Fishline,small,,fishing,"50', 5% breakage per 10lb of fish",0.01
737,1cr.10/-,Fishline,monster,,fishing,"50', 5% breakage per 50lb of fish",0.25
738,1/-,Monsternet,per sq foot,,fishing,,0.1
739,5/4p,Fishnet,per sq fot,,fishing,,0.01
740,3/-,Sheath,bastard sword,,accessories,,0.5
741,2/-,Sheath,long sword,,accessories,,0.25
742,1/-,Sheath,short sword,,accessories,,0.1
743,4/-,Sheath,back,,accessories,,1
744,7¼p,Scabbard,dagger/knife,,accessories,,0.1
745,1s.5/2p,Weapon Ring,,,accessories,,0.1
746,1s.7¼p,Back Clasp,,,accessories,,0.5
747,1/-,License,Glantrian,,license,Serving in a tavern,
748,1/-,License,Glantrian,,license,Serving Alcohol,
749,5/-,License,Glantrian,,license,Serving magical brews,
750,3/-,License,Glantrian,,license,Turn invisible at will,
751,10/-,License,Glantrian,,license,Private Spellcasting,
752,1cr.,License,Glantrian,,license,Arcane Business,
753,1cr.,License,Glantrian,,license,Magical Detection,
754,1/-,License,Glantrian,,license,Business less than 5cr./day,
755,5/-,License,Glantrian,,license,Business less than 100cr./day,
756,1cr.,License,Glantrian,,license,Business over 100cr./day,
757,1/-,License,Glantrian,,license,Weapons less than 15 inch,
758,10/-,License,Glantrian,,license,Weapons larger than 15inch,
759,5/-,License,Glantrian,,license,"Weapons, blunt",
760,5/-,License,Glantrian,,license,Shield and Helmet,
761,10/-,License,Glantrian,,license,"Armor, Leather",
762,1cr.,License,Glantrian,,license,"Armor, metal",
763,2cr.10/-,License,Glantrian,,license,Speaking in Public to 10 or more people,
764,5cr.,Amber,whole,,gem,,
765,2cr.11¾p,Amber,powdered,,gem,,
766,1cr.5/-,Amber,rod,,gem,,
767,5cr.,Alexandrite,,,gem,,
768,5cr.,Amethyst,,,gem,,
769,4H.,Aquamarine,,,gem,,
770,10/-,Azurite,,,gem,,
771,10/-,Banded Agate,,,gem,,
772,8H.1cr.,Black Opal,,,gem,,
773,41H.3cr.,Black Sapphire,,,gem,,
774,2cr.10/-,Bloodstone,,,gem,,
775,10/-,Blue Quartz,,,gem,,
776,41H.4cr.,Blue Star,,,gem,,
777,2cr.10/-,Carnetlian,,,gem,,
778,2cr.10/-,Chalcedony,,,gem,,
779,5cr.,Chrysoberyl,,,gem,,
780,2cr.10/-,Chrysoprase,,,gem,,
781,2cr.10/-,Citrine,,,gem,,
782,3/-,Crystal Rod,,,gem,,
783,41H.4cr.,Diamond,whole,,gem,,
784,5cr.,Diamond,dust,,gem,,
785,41H.4cr.,Emerald,whole,,gem,,
786,2cr.,Emerald,powdered,,gem,,
787,10/-,Eye Agate,,,gem,,
788,5cr.,Fire Opal,,,gem,,
789,4H.,Garnet,,,gem,,
790,10/-,Hematite,,,gem,,
791,41H.4cr.,Jacinth,,,gem,,
792,10/-,Jade,,,gem,,
793,2cr.10/-,Jasper,,,gem,,
794,5cr.,Jet,,,gem,,
795,10/-,Lapis Lazuli,,,gem,,
796,10/-,Malachite,,,gem,,
797,2cr.10/-,Moonstone,,,gem,,
798,10/-,Moss Agate,,,gem,,
799,10/-,Obsidian,,,gem,,
800,2cr.10/-,Onyx,,,gem,,
801,8H.1cr.,Opal,,,gem,,
802,8H.1cr.,Oriental Amethyst,,,gem,,
803,41H.4cr.,Oriental Emerald,,,gem,,
804,8H.1cr.,Oriental Topaz,,,gem,,
805,4H.,Pearl,,,gem,,
806,4H.,Peridot,,,gem,,
807,10/-,Rhodochrosite,,,gem,,
808,2cr.10/-,Rock Crystal,,,gem,,
809,41H.4cr.,Ruby,whole,,gem,,
810,2cr.,Rubey,powdered,,gem,,
811,10/-,Sapphire,,,gem,,
812,2cr.10/-,Sardonyx,,,gem,,
813,2cr.10/-,Smokey Quartz,,,gem,,
814,4H.,Spinel,,,gem,,
815,2cr.10/-,Star Rose Quartz,,,gem,,
816,41H.4cr.,Star Ruby,,,gem,,
817,41H.4cr.,Star Sapphire,,,gem,,
818,10/-,Tiger Eye,,,gem,,
819,4H.,Topaz,,,gem,,
820,5cr.,Tourmaline,,,gem,,
821,10/-,Turquoise,,,gem,,
822,2cr.10/-,Zircon,,,gem,,
823,5/4p,Volcanic Ash,,,metal and ore,,
824,¾p,Bitumen,,,metal and ore,,
825,¾p,Carbon,,,metal and ore,,
826,1/-,Cinnabryl,per ounce,,metal and ore,,
827,¼p,Clay,per pound,,metal and ore,,
828,5cr.,Coral,,,metal and ore,,
829,9¾p,Glass,Opaque,,metal and ore,,
830,2/-,Glass sheet,,,metal and ore,,
831,1/-,Glass rod,,,metal and ore,,
832,1/-,Gold,dust,,metal and ore,,
833,1cr.,Gold,sheet,,metal and ore,,
834,2/-,Granite,black,,metal and ore,,
835,¼p,Granite,dust,,metal and ore,,
836,¼p,Platinum sheet,,,metal and ore,,
837,5/2p,Red Steel,per ounce,,metal and ore,,
838,5/-,Silver,powdered,,metal and ore,,
839,15/-,Silver,sheet,,metal and ore,,
840,40H.,Urthellis Craterdust,,,metal and ore,,
841,9¾p,Zinc,,,metal and ore,,
842,6¼p,Archer,human,per day,hireling,,
843,1/-,Archer,elf,per day,hireling,,
844,3¾p,Archer,orc,per day,hireling,,
845,5/2p,Archer,goblin,per day,hireling,,
846,9¾p,Archer,hobbit,per day,hireling,,
847,1s.6p,Bowman,human,per day,hireling,,
848,3/-,Bowman,elf,per day,hireling,,
849,1/-,Bowman,hobbit,per day,hireling,,
850,1s.6p,"Bowman, mounted",human,per day,hireling,,
851,3/-,"Bowman, mounted",elf,per day,hireling,,
852,1/-,Longbowman,human,per day,hireling,,
853,2/-,Longbowman,elf,per day,hireling,,
854,6¼p,Longbowman,orc,per day,hireling,,
855,5p,Crossbowman,human,per day,hireling,,
856,7¼p,Crossbowman,dwarf,per day,hireling,,
857,5/2p,Crossbowman,orc,per day,hireling,,
858,5/4p,Crossbowman,hobbit,per day,hireling,,
859,6¼p,"Crossbowman, mounted",human,per day,hireling,,
860,1s.6p,"Crossbowman, mounted",dwarf,per day,hireling,,
861,5/2p,"Footman, light",human,per day,hireling,,
862,5p,"Footman, light",dwarf,per day,hireling,,
863,5p,"Footman, light",elf,per day,hireling,,
864,5/4p,"Footman, light",orc,per day,hireling,,
865,¾p,"Footman, light",goblin,per day,hireling,,
866,5/2p,"Footman, light",hobbit,per day,hireling,,
867,2/-,"Footman, light",giant,per day,hireling,,
868,3¾p,"Footman, heavy",human,per day,hireling,,
869,6¼p,"Footman, heavy",dwarf,per day,hireling,,
870,7¼p,"Footman, heavy",elf,per day,hireling,,
871,2p,"Footman, heavy",orc,per day,hireling,,
872,5/2p,"Footman, heavy",goblin,per day,hireling,,
873,4/-,"Footman, heavy",giant,per day,hireling,,
874,5/4p,Peasant,human,per day,hireling,,
875,5/4p,Peasant,dwarf,per day,hireling,,
876,5/4p,Peasant,elf,per day,hireling,,
877,5/4p,Peasant,orc,per day,hireling,,
878,5/4p,Peasant,goblin,per day,hireling,,
879,5/4p,Peasant,hobbit,per day,hireling,,
880,2/-,Peasant,giant,per day,hireling,,
881,1/-,"Horseman, Light",human,per day,hireling,,
882,5/-,"Horseman, Light",elf,per day,hireling,,
883,6¼p,"Horseman, Light",goblin,per day,hireling,,
884,1s.6p,"Horseman, Medium",human,per day,hireling,,
885,2s.6p,"Horseman, Medium",elf,per day,hireling,,
886,1/-,"Horseman, Heavy",human,per day,hireling,,
887,6¼p,Wolf rider,Goblin,per day,hireling,,
888,6¼p,Cook,human,per day,retainer,feed 50,
889,5p,Cook,dwarf,per day,retainer,feed 50,
890,5/2p,Cook,elf,per day,retainer,feed 50,
891,5/4p,Cook,orc,per day,retainer,feed 50,
892,5/4p,Cook,goblin,per day,retainer,feed 50,
893,5/2p,Cook,hobbit,per day,retainer,feed 50,
894,6¼p,Cook,giant,per day,retainer,feed 50,
895,6¼p,Armorer,human,per day,retainer,1 armor or 3 shield per month,
896,5p,Armorer,dwarf,per day,retainer,1 armor or 3 shield per month,
897,5/2p,Armorer,elf,per day,retainer,1 armor or 3 shield per month,
898,6¼p,Armorer,orc,per day,retainer,1 armor or 3 shield per month,
899,6¼p,Armorer,goblin,per day,retainer,1 armor or 3 shield per month,
900,5/2p,Armorer,hobbit,per day,retainer,1 armor or 3 shield per month,
901,1/-,Armorer,giant,per day,retainer,1 armor or 3 shield per month,
902,2s.6p,Smith,human,per day,retainer,5 weapon or 3 shield per month,
903,7s.6p,Smith,dwarf,per day,retainer,5 weapon or 3 shield per month,
904,2s.6p,Smith,elf,per day,retainer,5 weapon or 3 shield per month,
905,1/-,Smith,orc,per day,retainer,5 weapon or 3 shield per month,
906,1s.6p,Smith,goblin,per day,retainer,5 weapon or 3 shield per month,
907,1s.7¼p,Smith,hobbit,per day,retainer,5 weapon or 3 shield per month,
908,10/-,Smith,giant,per day,retainer,5 weapon or 3 shield per month,
909,5/-,Alchemist,human,per day,retainer,,
910,2/-,Alchemist,elf,per day,retainer,,
911,6¼p,Alchemist,orc,per day,retainer,,
912,5/2p,Alchemist,goblin,per day,retainer,,
913,1s.6p,Armorer Asssistant,human,per day,retainer,doubles smith/armorer output,
914,6¼p,Armorer Asssistant,dwarf,per day,retainer,doubles smith/armorer output,
915,9¾p,Armorer Asssistant,elf,per day,retainer,doubles smith/armorer output,
916,6¼p,Armorer Asssistant,orc,per day,retainer,doubles smith/armorer output,
917,3¾p,Armorer Asssistant,goblin,per day,retainer,doubles smith/armorer output,
918,2s.6p,Armorer Asssistant,hobbit,per day,retainer,doubles smith/armorer output,
919,6¼p,Artillerist,human,per day,retainer,can man 3 artillery,
920,6¼p,Artillerist,dwarf,per day,retainer,can man 3 artillery,
921,6¼p,Artillerist,elf,per day,retainer,can man 3 artillery,
922,5p,Artillerist,orc,per day,retainer,can man 3 artillery,
923,3¾p,Artillerist,goblin,per day,retainer,can man 3 artillery,
924,6¼p,Artillerist,hobbit,per day,retainer,can man 3 artillery,
925,2s.6p,Artillerist,giant,per day,retainer,can man 3 artillery,
926,6¼p,Animal Trainer,"human, dwarf, elf",per day,retainer,,
927,3¾p,Animal Trainer,"orc, goblin",per day,retainer,,
928,2s.6p,Animal Trainer,giant,per day,retainer,,
929,6¼p,Baliff,"human, dwarf, elf",per day,retainer,,
930,3¾p,Baliff,"orc, goblin",per day,retainer,,
931,2s.6p,Baliff,giant,per day,retainer,,
932,6¼p,Chamberlain,"human, dwarf, elf",per day,retainer,,
933,3¾p,Chamberlain,"orc, goblin",per day,retainer,,
934,2s.6p,Chamerlain,giant,per day,retainer,,
935,6¼p,Equerry,"human, dwarf, elf",per day,retainer,,
936,3¾p,Equerry,"orc, goblin",per day,retainer,,
937,2s.6p,Equerry,giant,per day,retainer,,
938,6¼p,Herald,"human, dwarf, elf",per day,retainer,,
939,3¾p,Herald,"orc, goblin",per day,retainer,,
940,2s.6p,Herald,giant,per day,retainer,,
941,6¼p,Lesser Magistrate,"human, dwarf, elf",per day,retainer,,
942,3¾p,Lesser Magistrate,"orc, goblin",per day,retainer,,
943,2s.6p,Lesser Magistrate,giant,per day,retainer,,
944,6¼p,Marshall,"human, dwarf, elf",per day,retainer,,
945,3¾p,Marshall,"orc, goblin",per day,retainer,,
946,2s.6p,Marshall,giant,per day,retainer,,
947,6¼p,Provost,"human, dwarf, elf",per day,retainer,,
948,3¾p,Provost,"orc, goblin",per day,retainer,,
949,2s.6p,Provost,giant,per day,retainer,,
950,6¼p,Sheriff,"human, dwarf, elf",per day,retainer,,
951,3¾p,Sheriff,"orc, goblin",per day,retainer,,
952,2s.6p,Sheriff,giant,per day,retainer,,
953,6¼p,Warden,"human, dwarf, elf",per day,retainer,,
954,3¾p,Warden,"orc, goblin",per day,retainer,,
955,2s.6p,Warden,giant,per day,retainer,,
956,2s.6p,Engineer,human,per day,retainer,1 per 80H. Construction cost,
957,2s.6p,Engineer,dwarf,per day,retainer,1 per 80H. Construction cost,
958,2s.6p,Engineer,elf,per day,retainer,1 per 80H. Construction cost,
959,1/-,Engineer,goblin,per day,retainer,1 per 80H. Construction cost,
960,5/-,Engineer,giant,per day,retainer,1 per 80H. Construction cost,
961,2s.6p,Castellan,"human, dwarf, elf",per day,retainer,,
962,1/-,Castellan,"orc, goblin",per day,retainer,,
963,5/-,Castellan,giant,per day,retainer,,
964,2s.6p,Chaplain,"human, dwarf, elf",per day,retainer,,
965,1/-,Chaplain,"orc, goblin",per day,retainer,,
966,5/-,Chaplain,giant,per day,retainer,,
967,2s.6p,Guard Captain,"human, dwarf, elf",per day,retainer,,
968,1/-,Guard Captain,"orc, goblin",per day,retainer,,
969,5/-,Guard Captain,giant,per day,retainer,,
970,2s.6p,Magistrate,"human, dwarf, elf",per day,retainer,,
971,1/-,Magistrate,"orc, goblin",per day,retainer,,
972,5/-,Magistrate,giant,per day,retainer,,
973,2s.6p,Reeve,"human, dwarf, elf",per day,retainer,,
974,1/-,Reeve,"orc, goblin",per day,retainer,,
975,5/-,Reeve,giant,per day,retainer,,
976,2s.6p,Chief Steward,"human, dwarf, elf",per day,retainer,,
977,1/-,Chief Steward,"orc, goblin",per day,retainer,,
978,5/-,Chief Steward,giant,per day,retainer,,
979,(I+W+Ch) * 1/-,Sage,,per day,retainer,,
980,¼p,Rower,"human, elf, orc, goblin, hobbit",per day,retainer,free if convict,
981,6¼p,Rower,giant,per day,retainer,free if convict,
982,5/4p,Sailor,"human, elf, orc, goblin, hobbit",per day,retainer,,
983,(I+W+Ch) * 1/-,Captain,,per day,retainer,,
984,2s.6p,Navigator,,per day,retainer,,
985,Int * Level /-,Spy,,per day,retainer,,
986,Int * Level * 6/-,Mage,,per day,retainer,,
987,Int * 5/2 * Level,Retainer Class,Thief,per day,retainer,,
988,Int * 4p * Level,Retainer Class,Warrior,per day,retainer,,
989,Int * 5p * Level,Retainer Class,Priest,per day,retainer,,
,,,,,,,
